0,회사명,종목코드
0,AJ네트웍스,95570
1,AK홀딩스,6840
2,BGF,27410
3,BGF리테일,282330
4,BNK금융지주,138930
5,BYC,1460
6,CJ,1040
7,CJ CGV,79160
8,CJ대한통운,120
9,CJ씨푸드,11150
10,CJ제일제당,97950
11,CS홀딩스,590
12,DB,12030
13,DB금융투자,16610
14,DB손해보험,5830
15,DB하이텍,990
16,DGB금융지주,139130
17,DL,210
18,DL건설,1880
19,DL이앤씨,375500
20,DN오토모티브,7340
21,DRB동일,4840
22,DSR,155660
23,DSR제강,69730
24,E1,17940
25,ESR켄달스퀘어리츠,365550
26,F&F,383220
27,F&F 홀딩스,7700
28,GKL,114090
29,GS,78930
30,GS건설,6360
31,GS글로벌,1250
32,GS리테일,7070
33,HDC,12630
34,HDC랩스,39570
35,HDC현대EP,89470
36,HDC현대산업개발,294870
37,HD현대,267250
38,HJ중공업,97230
39,HLB글로벌,3580
40,HMM,11200
41,HSD엔진,82740
42,JB금융지주,175330
43,JW생명과학,234080
44,JW중외제약,1060
45,JW홀딩스,96760
46,KB금융,105560
47,KC그린홀딩스,9440
48,KC코트렐,119650
49,KEC,92220
50,KG스틸,16380
51,KG케미칼,1390
52,KH 필룩스,33180
53,KISCO홀딩스,1940
54,KPX케미칼,25000
55,KPX홀딩스,92230
56,KR모터스,40
57,KSS해운,44450
58,KTcs,58850
59,KTis,58860
60,LF,93050
61,LG,3550
62,LG디스플레이,34220
63,LG생활건강,51900
64,LG에너지솔루션,373220
65,LG유플러스,32640
66,LG이노텍,11070
67,LG전자,66570
68,LG헬로비전,37560
69,LG화학,51910
70,LIG넥스원,79550
71,LS,6260
72,LS네트웍스,680
73,LS전선아시아,229640
74,LX인터내셔널,1120
75,LX하우시스,108670
76,LX홀딩스,383800
77,MH에탄올,23150
78,NAVER,35420
79,NH올원리츠,400760
80,NH투자증권,5940
81,NH프라임리츠,338100
82,NICE,34310
83,NI스틸,8260
84,OCI,10060
85,PI첨단소재,178920
86,POSCO홀딩스,5490
87,S-Oil,10950
88,SBS,34120
89,SGC에너지,5090
90,SG글로벌,1380
91,SG세계물산,4060
92,SHD,1770
93,SH에너지화학,2360
94,SIMPAC,9160
95,SK,34730
96,SKC,11790
97,SK가스,18670
98,SK네트웍스,1740
99,SK디스커버리,6120
100,SK디앤디,210980
101,SK렌터카,68400
102,SK리츠,395400
103,SK바이오사이언스,302440
104,SK스퀘어,402340
105,SK아이이테크놀로지,361610
106,SK이노베이션,96770
107,SK증권,1510
108,SK케미칼,285130
109,SK텔레콤,17670
110,SK하이닉스,660
111,SNT모티브,64960
112,SNT에너지,100840
113,SNT중공업,3570
114,SNT홀딩스,36530
115,SPC삼립,5610
116,STX,11810
117,STX엔진,77970
118,STX중공업,71970
119,SUN&L,2820
120,TCC스틸,2710
121,TYM,2900
122,WISCOM,24070
123,YG PLUS,37270
124,가온전선,500
125,강남제비스코,860
126,강원랜드,35250
127,갤럭시아에스엠,11420
128,경농,2100
129,경동나비엔,9450
130,경동도시가스,267290
131,경동인베스트,12320
132,경방,50
133,경보제약,214390
134,경인양행,12610
135,경인전자,9140
136,계룡건설산업,13580
137,계양전기,12200
138,고려산업,2140
139,고려아연,10130
140,고려제강,2240
141,광동제약,9290
142,광명전기,17040
143,광전자,17900
144,광주신세계,37710
145,교보증권,30610
146,교촌에프앤비,339770
147,국도화학,7690
148,국동,5320
149,국보,1140
150,국제약품,2720
151,그린케미칼,83420
152,극동유화,14530
153,금강공업,14280
154,금비,8870
155,금양,1570
156,금호건설,2990
157,금호석유화학,11780
158,금호에이치티,214330
159,금호전기,1210
160,금호타이어,73240
161,기신정기,92440
162,기아,270
163,기업은행,24110
164,까뮤이앤씨,13700
165,깨끗한나라,4540
166,남광토건,1260
167,남선알미늄,8350
168,남성,4270
169,남양유업,3920
170,남해화학,25860
171,넥센,5720
172,넥센타이어,2350
173,넷마블,251270
174,노루페인트,90350
175,노루홀딩스,320
176,녹십자,6280
177,녹십자홀딩스,5250
178,농심,4370
179,농심홀딩스,72710
180,다스코,58730
181,다올투자증권,30210
182,다우기술,23590
183,다이나믹디자인,145210
184,대교,19680
185,대구백화점,6370
186,대덕,8060
187,대덕전자,353200
188,대동,490
189,대동전자,8110
190,대림비앤코,5750
191,대림통상,6570
192,대상,1680
193,대상홀딩스,84690
194,대성산업,128820
195,대성에너지,117580
196,대성홀딩스,16710
197,대신증권,3540
198,대양금속,9190
199,대영포장,14160
200,대우건설,47040
201,대우부품,9320
202,대우조선해양,42660
203,대웅,3090
204,대웅제약,69620
205,대원강업,430
206,대원전선,6340
207,대원제약,3220
208,대원화성,24890
209,대유에이텍,2880
210,대유플러스,300
211,대창,12800
212,대창단조,15230
213,대한방직,1070
214,대한유화,6650
215,대한전선,1440
216,대한제강,84010
217,대한제당,1790
218,대한제분,1130
219,대한항공,3490
220,대한해운,5880
221,대한화섬,3830
222,대현,16090
223,대호에이엘,69460
224,더블유게임즈,192080
225,더존비즈온,12510
226,덕성,4830
227,덕양산업,24900
228,덴티움,145720
229,도화엔지니어링,2150
230,동국제강,1230
231,동남합성,23450
232,동방,4140
233,동방아그로,7590
234,동부건설,5960
235,동서,26960
236,동성제약,2210
237,동성케미컬,102260
238,동아쏘시오홀딩스,640
239,동아에스티,170900
240,동아지질,28100
241,동아타이어,282690
242,동양,1520
243,동양고속,84670
244,동양생명,82640
245,동양철관,8970
246,동양피스톤,92780
247,동원F&B,49770
248,동원금속,18500
249,동원산업,6040
250,동원수산,30720
251,동원시스템즈,14820
252,동일고무벨트,163560
253,동일산업,4890
254,동일제강,2690
255,동화약품,20
256,두산,150
257,두산밥캣,241560
258,두산에너빌리티,34020
259,두산퓨얼셀,336260
260,두올,16740
261,드림텍,192650
262,디씨엠,24090
263,디아이,3160
264,디아이동일,1530
265,디아이씨,92200
266,디앤디플랫폼리츠,377190
267,디와이,13570
268,디와이파워,210540
269,락앤락,115390
270,롯데관광개발,32350
271,롯데렌탈,89860
272,롯데리츠,330590
273,롯데손해보험,400
274,롯데쇼핑,23530
275,롯데정밀화학,4000
276,롯데정보통신,286940
277,롯데제과,280360
278,롯데지주,4990
279,롯데칠성음료,5300
280,롯데케미칼,11170
281,롯데하이마트,71840
282,마니커,27740
283,마스턴프리미어리츠,357430
284,만도,204320
285,만호제강,1080
286,맥쿼리인프라,88980
287,맵스리얼티1,94800
288,메리츠금융지주,138040
289,메리츠증권,8560
290,메리츠화재,60
291,메타랩스,90370
292,명문제약,17180
293,명신산업,9900
294,모나리자,12690
295,모나미,5360
296,모두투어리츠,204210
297,모토닉,9680
298,무림P&P,9580
299,무림페이퍼,9200
300,무학,33920
301,문배철강,8420
302,미래산업,25560
303,미래아이앤지,7120
304,미래에셋글로벌리츠,396690
305,미래에셋맵스리츠,357250
306,미래에셋생명,85620
307,미래에셋증권,6800
308,미원상사,2840
309,미원에스씨,268280
310,미원홀딩스,107590
311,미원화학,134380
312,미창석유공업,3650
313,바다로19호,155900
314,방림,3610
315,백광산업,1340
316,백산,35150
317,범양건영,2410
318,베트남개발1,96300
319,벽산,7210
320,보락,2760
321,보령,3850
322,보해양조,890
323,부광약품,3000
324,부국증권,1270
325,부국철강,26940
326,부산산업,11390
327,부산주공,5030
328,비비안,2070
329,비상교육,100220
330,비케이탑스,30790
331,빙그레,5180
332,사조대림,3960
333,사조동아원,8040
334,사조산업,7160
335,사조씨푸드,14710
336,사조오양,6090
337,삼부토건,1470
338,삼성SDI,6400
339,삼성공조,6660
340,삼성물산,28260
341,삼성바이오로직스,207940
342,삼성생명,32830
343,삼성에스디에스,18260
344,삼성엔지니어링,28050
345,삼성전기,9150
346,삼성전자,5930
347,삼성제약,1360
348,삼성중공업,10140
349,삼성증권,16360
350,삼성출판사,68290
351,삼성카드,29780
352,삼성화재해상보험,810
353,삼아알미늄,6110
354,삼양사,145990
355,삼양식품,3230
356,삼양통상,2170
357,삼양패키징,272550
358,삼양홀딩스,70
359,삼영무역,2810
360,삼영전자공업,5680
361,삼영화학공업,3720
362,삼원강재,23000
363,삼익THK,4380
364,삼익악기,2450
365,삼일씨엔에스,4440
366,삼일제약,520
367,삼정펄프,9770
368,삼진제약,5500
369,삼천리,4690
370,삼호개발,10960
371,삼화왕관,4450
372,삼화전기,9470
373,삼화전자공업,11230
374,삼화콘덴서공업,1820
375,삼화페인트공업,390
376,상상인증권,1290
377,상신브레이크,41650
378,새론오토모티브,75180
379,샘표,7540
380,샘표식품,248170
381,서연,7860
382,서연이화,200880
383,서울도시가스,17390
384,서울식품공업,4410
385,서원,21050
386,서흥,8490
387,선도전기,7610
388,선진,136490
389,성문전자,14910
390,성보화학,3080
391,성신양회,4980
392,성안,11300
393,성창기업지주,180
394,세기상사,2420
395,세방,4360
396,세방전지,4490
397,세아베스틸지주,1430
398,세아제강,306200
399,세아제강지주,3030
400,세아특수강,19440
401,세아홀딩스,58650
402,세우글로벌,13000
403,세원이앤씨,91090
404,세원정공,21820
405,세이브존I&C,67830
406,세종공업,33530
407,세진중공업,75580
408,세하,27970
409,센트랄모텍,308170
410,센트럴인사이트,12600
411,셀트리온,68270
412,솔루스첨단소재,336370
413,솔루엠,248070
414,송원산업,4430
415,수산인더스트리,126720
416,수산중공업,17550
417,스틱인베스트먼트,26890
418,시디즈,134790
419,신대양제지,16590
420,신도리코,29530
421,신라교역,4970
422,신성이엔지,11930
423,신성통상,5390
424,신세계,4170
425,신세계I&C,35510
426,신세계건설,34300
427,신세계인터내셔날,31430
428,신세계푸드,31440
429,신송홀딩스,6880
430,신영와코루,5800
431,신영증권,1720
432,신원,9270
433,신일전자,2700
434,신풍제약,19170
435,신풍제지,2870
436,신한서부티엔디리츠,404990
437,신한알파리츠,293940
438,신한지주,55550
439,신흥,4080
440,쌍방울,102280
441,쌍용씨앤이,3410
442,쌍용자동차,3620
443,써니전자,4770
444,쎌마테라퓨틱스,15540
445,씨아이테크,4920
446,씨에스윈드,112610
447,아남전자,8700
448,아모레퍼시픽,90430
449,아모레퍼시픽그룹,2790
450,아세아,2030
451,아세아시멘트,183190
452,아세아제지,2310
453,아센디오,12170
454,아시아나IDT,267850
455,아시아나항공,20560
456,아이마켓코리아,122900
457,아이에스동서,10780
458,아이에이치큐,3560
459,아주스틸,139990
460,알루코,1780
461,애경산업,18250
462,애경케미칼,161000
463,에넥스,11090
464,에스디바이오센서,137310
465,에스엘,5850
466,에스엠벡셀,10580
467,에스원,12750
468,에스제이엠,123700
469,에스제이엠홀딩스,25530
470,에스케이바이오팜,326030
471,에쓰씨엔지니어링,23960
472,에어부산,298690
473,에이리츠,140910
474,에이블씨엔씨,78520
475,에이엔피,15260
476,에이프로젠,7460
477,에이프로젠제약,3060
478,에이플러스에셋,244920
479,엔씨소프트,36570
480,엔에이치스팩19호,380440
481,엔에이치엔,181710
482,엔케이,85310
483,엔피씨,4250
484,엘브이엠씨,900140
485,엘에스일렉트릭,10120
486,엠씨넥스,97520
487,영보화학,14440
488,영원무역,111770
489,영원무역홀딩스,9970
490,영진약품,3520
491,영풍,670
492,영풍제지,6740
493,영화금속,12280
494,영흥,12160
495,예스코홀딩스,15360
496,오뚜기,7310
497,오리엔트바이오,2630
498,오리온,271560
499,오리온홀딩스,1800
500,와이투솔루션,11690
501,용평리조트,70960
502,우리금융지주,316140
503,우리종금,10050
504,우성,6980
505,우신시스템,17370
506,우진,105840
507,우진아이엔에스,10400
508,우진플라임,49800
509,웅진,16880
510,웅진씽크빅,95720
511,원림,5820
512,웰바이오텍,10600
513,윌비스,8600
514,유나이티드,33270
515,유니드,14830
516,유니온,910
517,유니온머티리얼,47400
518,유니켐,11330
519,유니퀘스트,77500
520,유성기업,2920
521,유수홀딩스,700
522,유안타증권,3470
523,유엔젤,72130
524,유유제약,220
525,유진증권,1200
526,유한양행,100
527,유화증권,3460
528,율촌화학,8730
529,이건산업,8250
530,이구산업,25820
531,이노션,214320
532,이리츠코크렙,88260
533,이마트,139480
534,이수페타시스,7660
535,이수화학,5950
536,이스타코,15020
537,이아이디,93230
538,이엔플러스,74610
539,이연제약,102460
540,이월드,84680
541,이지스레지던스리츠,350520
542,이지스밸류플러스리츠,334890
543,이화산업,760
544,인디에프,14990
545,인바이오젠,101140
546,인스코비,6490
547,인지컨트롤스,23800
548,인천도시가스,34590
549,인터지스,129260
550,인팩,23810
551,일동제약,249420
552,일동홀딩스,230
553,일성건설,13360
554,일성신약,3120
555,일신방직,3200
556,일신석재,7110
557,일양약품,7570
558,일정실업,8500
559,일진다이아,81000
560,일진디스플,20760
561,일진머티리얼즈,20150
562,일진전기,103590
563,일진하이솔루스,271940
564,일진홀딩스,15860
565,잇츠한불,226320
566,자이에스앤디,317400
567,자화전자,33240
568,전방,950
569,제이알글로벌리츠,348950
570,제이에스코퍼레이션,194370
571,제이준코스메틱,25620
572,제일기획,30000
573,제일약품,271980
574,제일연마,1560
575,제일파마홀딩스,2620
576,제주은행,6220
577,제주항공,89590
578,조광페인트,4910
579,조광피혁,4700
580,조비,1550
581,조선내화,480
582,조선선재,120030
583,조일알미늄,18470
584,조흥,2600
585,종근당,185750
586,종근당바이오,63160
587,종근당홀딩스,1630
588,주연테크,44380
589,지누스,13890
590,지엠비코리아,13870
591,지역난방공사,71320
592,지투알,35000
593,진도,88790
594,진양산업,3780
595,진양폴리우레탄,10640
596,진양홀딩스,100250
597,진양화학,51630
598,진에어,272450
599,진원생명과학,11000
600,진흥기업,2780
601,참엔지니어링,9310
602,천일고속,650
603,체시스,33250
604,초록뱀헬스케어,118000
605,카카오,35720
606,카카오뱅크,323410
607,카카오페이,377300
608,카프로,6380
609,컨버즈,109070
610,케이비아이동국실업,1620
611,케이씨,29460
612,케이씨씨,2380
613,케이씨씨글라스,344820
614,케이씨텍,281820
615,케이씨티시,9070
616,케이카,381970
617,케이탑리츠,145270
618,케이티,30200
619,케이티스카이라이프,53210
620,케이티앤지,33780
621,코람코더원리츠,417310
622,코람코에너지리츠,357120
623,코리아써키트,7810
624,코리안리,3690
625,코스맥스,192820
626,코스맥스비티아이,44820
627,코스모신소재,5070
628,코스모화학,5420
629,코아스,71950
630,코오롱,2020
631,코오롱글로벌,3070
632,코오롱인더,120110
633,코오롱플라스틱,138490
634,코웨이,21240
635,콘텐트리중앙,36420
636,콤텍시스템,31820
637,쿠쿠홀딩스,192400
638,쿠쿠홈시스,284740
639,큐로,15590
640,크라운제과,264900
641,크라운해태홀딩스,5740
642,크래프톤,259960
643,키다리스튜디오,20120
644,키움증권,39490
645,태경비케이,14580
646,태경산업,15890
647,태경케미컬,6890
648,태광산업,3240
649,태림포장,11280
650,태양금속공업,4100
651,태영건설,9410
652,태원물산,1420
653,태평양물산,7980
654,테이팩스,55490
655,텔코웨어,78000
656,토니모리,214420
657,티비에이치글로벌,84870
658,티에이치엔,19180
659,티와이홀딩스,363280
660,티웨이항공,91810
661,티웨이홀딩스,4870
662,티케이지휴켐스,69260
663,파미셀,5690
664,팜스코,36580
665,팜젠사이언스,4720
666,팬오션,28670
667,퍼스텍,10820
668,퍼시스,16800
669,페이퍼코리아,1020
670,평화산업,90080
671,평화홀딩스,10770
672,포스코스틸리온,58430
673,포스코인터내셔널,47050
674,포스코케미칼,3670
675,풀무원,17810
676,풍산,103140
677,풍산홀딩스,5810
678,프레스티지바이오파마,950210
679,플레이그램,9810
680,하나금융지주,86790
681,하나제약,293480
682,하나투어,39130
683,하이브,352820
684,하이스틸,71090
685,하이트론씨스템즈,19490
686,하이트진로,80
687,하이트진로홀딩스,140
688,한국ANKOR유전,152550
689,한국가스공사,36460
690,한국공항,5430
691,한국금융지주,71050
692,한국내화,10040
693,한국단자공업,25540
694,한국석유공업,4090
695,한국수출포장공업,2200
696,한국쉘석유,2960
697,한국앤컴퍼니,240
698,한국자산신탁,123890
699,한국전력공사,15760
700,한국전자홀딩스,6200
701,한국조선해양,9540
702,한국종합기술,23350
703,한국주강,25890
704,한국주철관공업,970
705,한국철강,104700
706,한국카본,17960
707,한국콜마,161890
708,한국콜마홀딩스,24720
709,한국타이어앤테크놀로지,161390
710,한국토지신탁,34830
711,한국특강,7280
712,한국패러랠,168490
713,한국프랜지공업,10100
714,한국항공우주,47810
715,한국화장품,123690
716,한국화장품제조,3350
717,한농화성,11500
718,한독,2390
719,한라,14790
720,한라홀딩스,60980
721,한미글로벌,53690
722,한미반도체,42700
723,한미사이언스,8930
724,한미약품,128940
725,한샘,9240
726,한섬,20000
727,한성기업,3680
728,한세실업,105630
729,한세엠케이,69640
730,한세예스24홀딩스,16450
731,한솔로지스틱스,9180
732,한솔제지,213500
733,한솔케미칼,14680
734,한솔테크닉스,4710
735,한솔피엔에스,10420
736,한솔홀딩스,4150
737,한솔홈데코,25750
738,한신공영,4960
739,한신기계공업,11700
740,한양증권,1750
741,한온시스템,18880
742,한올바이오파마,9420
743,한익스프레스,14130
744,한일시멘트,300720
745,한일철강,2220
746,한일현대시멘트,6390
747,한일홀딩스,3300
748,한전KPS,51600
749,한전기술,52690
750,한전산업,130660
751,한진,2320
752,한진중공업홀딩스,3480
753,한진칼,180640
754,한창,5110
755,한창제지,9460
756,한컴라이프케어,372910
757,한화,880
758,한화생명,88350
759,한화손해보험,370
760,한화솔루션,9830
761,한화시스템,272210
762,한화에어로스페이스,12450
763,한화투자증권,3530
764,해성디에스,195870
765,해태제과식품,101530
766,핸즈코퍼레이션,143210
767,현대건설,720
768,현대건설기계,267270
769,현대그린푸드,5440
770,현대글로비스,86280
771,현대두산인프라코어,42670
772,현대로템,64350
773,현대리바트,79430
774,현대모비스,12330
775,현대미포조선,10620
776,현대백화점,69960
777,현대비앤지스틸,4560
778,현대약품,4310
779,현대에너지솔루션,322000
780,현대엘리베이터,17800
781,현대오토에버,307950
782,현대위아,11210
783,현대일렉트릭,267260
784,현대자동차,5380
785,현대제철,4020
786,현대중공업,329180
787,현대차증권,1500
788,현대코퍼레이션,11760
789,현대코퍼레이션홀딩스,227840
790,현대퓨처넷,126560
791,현대해상,1450
792,현대홈쇼핑,57050
793,형지엘리트,93240
794,혜인,3010
795,호전실업,111110
796,호텔신라,8770
797,화성산업,2460
798,화승알앤에이,378850
799,화승엔터프라이즈,241590
800,화승인더스트리,6060
801,화승코퍼레이션,13520
802,화신,10690
803,화인베스틸,133820
804,화천기계,10660
805,화천기공,850
806,환인제약,16580
807,황금에스티,32560
808,효성,4800
809,효성 ITX,94280
810,효성중공업,298040
811,효성첨단소재,298050
812,효성티앤씨,298020
813,효성화학,298000
814,후성,93370
815,휠라홀딩스,81660
816,휴니드테크놀러지스,5870
817,휴비스,79980
818,휴스틸,5010
819,흥국화재,540
820,흥아해운,3280
0,EMB,278990
1,HLB사이언스,343090
2,KC산업,112190
3,SK시그넷,260870
4,골프존데카,183410
5,관악산업,76340
6,굿센,243870
7,나눔테크,244880
8,나라소프트,288490
9,나우코스,257990
10,노드메이슨,317860
11,노브메타파마,229500
12,다원넥스뷰,323350
13,다이오진,271850
14,대동고려삼,178600
15,대주이엔티,114920
16,더콘텐츠온,302920
17,데이드림엔터,348840
18,데이터스트림즈,199150
19,도부마스크,227420
20,듀켐바이오,176750
21,디피코,163430
22,라이프사이언스테크놀로지,285770
23,라피치,403360
24,럭스피아,92590
25,렌딩머신,179720
26,로보쓰리,238500
27,로지스몬,223220
28,루켄테크놀러지스,162120
29,루트락,253610
30,메디쎄이,200580
31,메디안디노스틱,233250
32,메디젠휴먼케어,236340
33,명진홀딩스,267060
34,무송지오씨,135160
35,무진메디,322970
36,미래엔에듀파트너,208890
37,바스칸바이오제약,354390
38,바이오시네틱스,281310
39,바이오인프라생명과학,266470
40,바이오프로테크,199290
41,베른,322190
42,볼빅,206950
43,블루탑,191600
44,비엔디생활건강,215050
45,비엘헬스케어,86220
46,빅텐츠,210120
47,뿌리깊은나무들,266170
48,선바이오,67370
49,셀젠텍,258250
50,수프로,185190
51,스템랩,258540
52,시큐센,232830
53,썬테크,217320
54,씨알푸드,236030
55,씨앗,103660
56,씨앤에스링크,245450
57,씨엔티드림,286000
58,아이케이세미콘,149010
59,아퓨어스,149300
60,안지오랩,251280
61,앙츠,267810
62,엄지하우스,224810
63,에스알바이오텍,270210
64,에스엔피제네틱스,86460
65,에스엘에스바이오,246250
66,에스엠비나,299670
67,에스제이켐,217910
68,에스케이씨에스,224020
69,에이원알폼,234070
70,에이치엔에스하이텍,44990
71,에이펙스인텍,207490
72,엔솔바이오사이언스,140610
73,엔에스엠,238170
74,엔에스컴퍼니,224760
75,엔지브이아이,93510
76,엘리비젼,276240
77,엘에이티,311060
78,오션스톤,329020
79,원포유,122830
80,위월드,140660
81,유니포인트,121060
82,유비온,84440
83,유엑스엔,337840
84,유투바이오,221800
85,이노벡스,279060
86,이노진,344860
87,이비테크,208850
88,이성씨엔아이,379390
89,이앤에치,341310
90,이엠티,232530
91,인바이츠바이오코아,216400
92,제노텍,66830
93,제이엠멀티,254160
94,젬,248020
95,지앤이헬스케어,299480
96,진코스텍,250030
97,질경이,233990
98,청광건설,140290
99,켈스,402420
100,코나솔,176590
101,코셋,189350
102,코스텍시스템,169670
103,큐엠씨,136660
104,크로넥스,215570
105,타스컴,336040
106,타임기술,318660
107,탑선,180060
108,태양기계,116100
109,테크엔,308700
110,테크트랜스,258050
111,토마토시스템,393210
112,틸론,217880
113,파마리서치바이오,217950
114,파워풀엑스,266870
115,판도라티비,202960
116,펨토바이오메드,327610
117,퓨쳐메디신,341170
118,프로테옴텍,303360
119,플럼라인생명과학,222670
120,피노텍,150440
121,피엔아이컴퍼니,242350
122,한국미라클피플사,331660
123,한중엔시에스,107640
124,휴벡셀,212310
0,3S,60310
1,APS홀딩스,54620
2,AP시스템,265520
3,AP위성,211270
4,BNGT,32790
5,CBI,13720
6,CJ ENM,35760
7,CJ 바이오사이언스,311690
8,CJ프레시웨이,51500
9,CMG제약,58820
10,CNH,23460
11,CNT85,56730
12,CS,65770
13,CSA 코스믹,83660
14,DB금융스팩8호,367340
15,DB금융스팩9호,367360
16,DMS,68790
17,DSC인베스트먼트,241520
18,EDGC,245620
19,EG,37370
20,ES큐브,50120
21,EV수성,84180
22,FSN,214270
23,GH신소재,130500
24,GRT,900290
25,GST,83450
26,HB솔루션,297890
27,HB테크놀러지,78150
28,HK이노엔,195940
29,HLB,28300
30,HLB생명과학,67630
31,HLB제약,47920
32,HLB테라퓨틱스,115450
33,HPSP,403870
34,HRS,36640
35,IBKS제12호스팩,335870
36,IBKS제13호스팩,351340
37,IBKS제16호스팩,388790
38,IBKS제17호스팩,405350
39,IBKS제18호스팩,424760
40,ISC,95340
41,ITX-AI,99520
42,JTC,950170
43,JW신약,67290
44,JYP Ent.,35900
45,KBG,318000
46,KBI메탈,24840
47,KB오토시스,24120
48,KCC건설,21320
49,KCI,36670
50,KD,44180
51,KG ETS,151860
52,KG모빌리언스,46440
53,KG이니시스,35600
54,KH 건설,226360
55,KH 전자,111870
56,KH바텍,60720
57,KNN,58400
58,KPX생명과학,114450
59,KT서브마린,60370
60,KX,122450
61,KX하이텍,52900
62,LX세미콘,108320
63,NEW,160550
64,NE능률,53290
65,NHN벅스,104200
66,NHN한국사이버결제,60250
67,NICE평가정보,30190
68,PN풍년,24940
69,RFHIC,218410
70,RF머트리얼즈,327260
71,S&K폴리텍,91340
72,SBI인베스트먼트,19550
73,SBI핀테크솔루션즈,950110
74,SBS콘텐츠허브,46140
75,SBW생명과학,151910
76,SCI평가정보,36120
77,SDN,99220
78,SFA반도체,36540
79,SG,255220
80,SG&G,40610
81,SGA,49470
82,SGA솔루션즈,184230
83,SGC이테크건설,16250
84,SK5호스팩,337450
85,SK6호스팩,340350
86,SM C&C,48550
87,SM Life Design,63440
88,SV인베스트먼트,289080
89,THE E&M,89230
90,THE MIDONG,161570
91,THQ,192410
92,TJ미디어,32540
93,TKG애강,22220
94,TPC,48770
95,TS인베스트먼트,246690
96,TS트릴리온,317240
97,UCI,38340
98,WI,73570
99,YBM넷,57030
100,YTN,40300
101,YW,51390
102,iMBC,52220
103,가비아,79940
104,가온미디어,78890
105,가온칩스,399720
106,감성코퍼레이션,36620
107,강스템바이오텍,217730
108,강원에너지,114190
109,갤럭시아머니트리,94480
110,경남스틸,39240
111,경남제약,53950
112,경동제약,11040
113,경창산업,24910
114,고려시멘트,198440
115,고려신용정보,49720
116,고려제약,14570
117,고바이오랩,348150
118,고영,98460
119,골드앤에스,35290
120,골드퍼시픽,38530
121,골든센츄리,900280
122,골프존,215000
123,골프존뉴딘홀딩스,121440
124,공구우먼,366030
125,광림,14200
126,광무,29480
127,광진실업,26910
128,교보10호기업인수목적,355150
129,교보11호스팩,397880
130,교보12호스팩,421800
131,교보9호스팩,331520
132,구영테크,53270
133,국보디자인,66620
134,국순당,43650
135,국영지앤엠,6050
136,국일신동,60480
137,국일제지,78130
138,국전약품,307750
139,그래디언트,35080
140,그리티,204020
141,그린플러스,186230
142,글로벌에스엠,900070
143,글로벌텍스프리,204620
144,글로본,19660
145,금강철강,53260
146,금화피에스시,36190
147,기가레인,49080
148,기산텔레콤,35460
149,까스텔바작,308100
150,나노,187790
151,나노브릭,286750
152,나노신소재,121600
153,나노씨엠에스,247660
154,나노엔텍,39860
155,나노캠텍,91970
156,나라엠앤디,51490
157,나래나노텍,137080
158,나무가,190510
159,나무기술,242040
160,나스미디어,89600
161,나우IB,293580
162,나이벡,138610
163,나이스디앤비,130580
164,나이스정보통신,36800
165,나인테크,267320
166,남화산업,111710
167,남화토건,91590
168,내츄럴엔도텍,168330
169,네오리진,94860
170,네오셈,253590
171,네오오토,212560
172,네오위즈,95660
173,네오위즈홀딩스,42420
174,네오이뮨텍,950220
175,네오크레마,311390
176,네오티스,85910
177,네오팜,92730
178,네오펙트,290660
179,네온테크,306620
180,네이블커뮤니케이션즈,153460
181,네이처셀,7390
182,네패스,33640
183,네패스아크,330860
184,넥스턴바이오,89140
185,넥스트아이,137940
186,넥스트칩,396270
187,넥스틴,348210
188,넥슨게임즈,225570
189,넵튠,217270
190,노랑풍선,104620
191,노바렉스,194700
192,노바텍,285490
193,노블엠앤비,106520
194,노을,376930
195,노터스,278650
196,녹십자엠에스,142280
197,녹십자웰빙,234690
198,녹원씨엔아이,65560
199,농우바이오,54050
200,누리플랜,69140
201,누리플렉스,40160
202,누보,332290
203,뉴로스,126870
204,뉴보텍,60260
205,뉴인텍,12340
206,뉴지랩파마,214870
207,뉴트리,270870
208,뉴파워프라즈마,144960
209,뉴프렉스,85670
210,다나와,119860
211,다날,64260
212,다믈멀티미디어,93640
213,다보링크,340360
214,다산네트웍스,39560
215,다올인베스트먼트,298870
216,다우데이타,32190
217,다원시스,68240
218,대동금속,20400
219,대동기어,8830
220,대동스틸,48470
221,대륙제관,4780
222,대림제지,17650
223,대명소노시즌,7720
224,대명에너지,389260
225,대모,317850
226,대보마그네틱,290670
227,대봉엘에스,78140
228,대성미생물,36480
229,대성엘텍,25440
230,대성창투,27830
231,대성파인텍,104040
232,대신밸런스제10호스팩,387310
233,대신밸런스제11호스팩,397500
234,대신밸런스제12호스팩,426670
235,대신정보통신,20180
236,대아티아이,45390
237,대양전기공업,108380
238,대양제지,6580
239,대원,7680
240,대원미디어,48910
241,대원산업,5710
242,대유,290380
243,대유에이피,290120
244,대정화금,120240
245,대주산업,3310
246,대주전자재료,78600
247,대창솔루션,96350
248,대창스틸,140520
249,대한과학,131220
250,대한광통신,10170
251,대한그린파워,60900
252,대한뉴팜,54670
253,대한약품,23910
254,대호특수강,21040
255,대화제약,67080
256,더네이쳐홀딩스,298540
257,더블유에스아이,299170
258,덕산네오룩스,213420
259,덕산테코피아,317330
260,덕산하이메탈,77360
261,덕신하우징,90410
262,덕우전자,263600
263,데브시스터즈,194480
264,데이타솔루션,263800
265,덱스터,206560
266,덴티스,261200
267,도이치모터스,67990
268,동구바이오제약,6620
269,동국S&C,100130
270,동국산업,5160
271,동국알앤에스,75970
272,동국제약,86450
273,동방선기,99410
274,동성화인텍,33500
275,동신건설,25950
276,동아엘텍,88130
277,동아화성,41930
278,동양에스텍,60380
279,동양이엔피,79960
280,동양파일,228340
281,동우팜투테이블,88910
282,동운아나텍,94170
283,동원개발,13120
284,동일금속,109860
285,동일기연,32960
286,동일철강,23790
287,동진쎄미켐,5290
288,동화기업,25900
289,두산테스나,131970
290,듀오백,73190
291,드래곤플라이,30350
292,드림시큐리티,203650
293,드림씨아이에스,223250
294,드림어스컴퍼니,60570
295,디딤,217620
296,디모아,16670
297,디바이스이엔지,187870
298,디비금융스팩10호,404950
299,디스플레이텍,66670
300,디아이티,110990
301,디아크,78590
302,디알젬,263690
303,디알텍,214680
304,디앤씨미디어,263720
305,디어유,376300
306,디에스앤엘,141020
307,디에스케이,109740
308,디에이테크놀로지,196490
309,디에이피,66900
310,디엑스앤브이엑스,180400
311,디엔에이링크,127120
312,디엔에프,92070
313,디오,39840
314,디와이디,219550
315,디와이씨,310870
316,디와이피엔에프,104460
317,디이엔티,79810
318,디젠스,113810
319,디지아이,43360
320,디지캡,197140
321,디지털대성,68930
322,디지틀조선,33130
323,디케이락,105740
324,디케이앤디,263020
325,디케이티,290550
326,디티앤씨,187220
327,딜리,131180
328,딥노이드,315640
329,라닉스,317120
330,라온시큐어,42510
331,라온테크,232680
332,라온피플,300120
333,라이온켐텍,171120
334,라이트론,69540
335,라이프시맨틱스,347700
336,라파스,214260
337,래몽래인,200350
338,램테크놀러지,171010
339,랩지노믹스,84650
340,러셀,217500
341,레고켐바이오,141080
342,레드로버,60300
343,레드캡투어,38390
344,레몬,294140
345,레이,228670
346,레이언스,228850
347,레이저쎌,412350
348,레이크머티리얼즈,281740
349,레인보우로보틱스,277810
350,로보로보,215100
351,로보스타,90360
352,로보티즈,108490
353,로스웰,900260
354,로지시스,67730
355,로체시스템즈,71280
356,루닛,328130
357,루멘스,38060
358,루트로닉,85370
359,룽투코리아,60240
360,리노공업,58470
361,리노스,39980
362,리더스 기술투자,19570
363,리더스코스메틱,16100
364,리드코프,12700
365,리메드,302550
366,리파인,377450
367,린드먼아시아,277070
368,링네트,42500
369,링크제니시스,219420
370,마니커에프앤지,195500
371,마이더스AI,222810
372,마이크로디지탈,305090
373,마이크로컨텍솔,98120
374,마이크로프랜드,147760
375,마인즈랩,377480
376,마크로젠,38290
377,매일유업,267980
378,매일홀딩스,5990
379,매직마이크로,127160
380,매커스,93520
381,맥스트,377030
382,머큐리,100590
383,멀티캠퍼스,67280
384,메가스터디,72870
385,메가스터디교육,215200
386,메가엠디,133750
387,메드팩토,235980
388,메디아나,41920
389,메디앙스,14100
390,메디콕스,54180
391,메디톡스,86900
392,메디포스트,78160
393,메디프론,65650
394,메이슨캐피탈,21880
395,메지온,140410
396,메카로,241770
397,메타바이오메드,59210
398,멕아이씨에스,58110
399,멜파스,96640
400,명성티엔에스,257370
401,모다이노칩,80420
402,모두투어,80160
403,모바일리더,100030
404,모바일어플라이언스,87260
405,모베이스,101330
406,모베이스전자,12860
407,모비데이즈,363260
408,모비릭스,348030
409,모비스,250060
410,모아데이타,288980
411,모아텍,33200
412,모트렉스,118990
413,모헨즈,6920
414,무림SP,1810
415,미디어젠,279600
416,미래나노텍,95500
417,미래생명자원,218150
418,미래에셋대우스팩 5호,353490
419,미래에셋대우스팩3호,328380
420,미래에셋벤처투자,100790
421,미래에셋비전스팩1호,412930
422,미래컴퍼니,49950
423,미스터블루,207760
424,미코,59090
425,미코바이오메드,214610
426,미투온,201490
427,미투젠,950190
428,바디텍메드,206640
429,바른손,18700
430,바른손이앤에이,35620
431,바른전자,64520
432,바이넥스,53030
433,바이브컴퍼니,301300
434,바이오니아,64550
435,바이오다인,314930
436,바이오로그디바이스,208710
437,바이오솔루션,86820
438,바이오스마트,38460
439,바이오에프디엔씨,251120
440,바이오톡스텍,86040
441,바이오플러스,99430
442,바이온,32980
443,바이옵트로,222160
444,바이젠셀,308080
445,바텍,43150
446,박셀바이오,323990
447,배럴,267790
448,백금T&A,46310
449,버킷스튜디오,66410
450,범한퓨얼셀,382900
451,베노홀딩스,206400
452,베뉴지,19010
453,베셀,177350
454,베스파,299910
455,보광산업,225530
456,보라티알,250000
457,보로노이,310210
458,보성파워텍,6910
459,본느,226340
460,부방,14470
461,부스타,8470
462,뷰노,338220
463,뷰웍스,100120
464,브랜드엑스코퍼레이션,337930
465,브레인즈컴퍼니,99390
466,브리지텍,64480
467,브릿지바이오,288330
468,브이씨,365900
469,브이원텍,251630
470,브이티지엠피,18290
471,블루베리 NFT,44480
472,블루콤,33560
473,블리츠웨이,369370
474,비나텍,126340
475,비덴트,121800
476,비디아이,148140
477,비보존 헬스케어,82800
478,비비씨,318410
479,비씨엔씨,146320
480,비씨월드제약,200780
481,비아트론,141000
482,비에이치,90460
483,비에이치아이,83650
484,비엘,142760
485,비엘팜텍,65170
486,비엠티,86670
487,비올,335890
488,비즈니스온,138580
489,비츠로셀,82920
490,비츠로시스,54220
491,비츠로테크,42370
492,비케이홀딩스,50090
493,비투엔,307870
494,비트나인,357880
495,비트컴퓨터,32850
496,비플라이소프트,148780
497,비피도,238200
498,빅솔론,93190
499,빅텍,65450
500,빛샘전자,72950
501,사람인에이치알,143240
502,삼강엠앤티,100090
503,삼기,122350
504,삼륭물산,14970
505,삼목에스폼,18310
506,삼보모터스,53700
507,삼보산업,9620
508,삼보판지,23600
509,삼성머스트스팩5호,380320
510,삼성스팩4호,377630
511,삼성스팩6호,425290
512,삼아제약,9300
513,삼양옵틱스,225190
514,삼영에스앤씨,361670
515,삼영엠텍,54540
516,삼영이엔씨,65570
517,삼일,32280
518,삼일기업공사,2290
519,삼지전자,37460
520,삼진,32750
521,삼진엘앤디,54090
522,삼천당제약,250
523,삼천리자전거,24950
524,삼표시멘트,38500
525,삼현철강,17480
526,삼화네트웍스,46390
527,상보,27580
528,상상인,38540
529,상상인인더스트리,101000
530,상상인제3호스팩,415580
531,상신이디피,91580
532,상신전자,263810
533,상아프론테크,89980
534,상지카일룸,42940
535,새로닉스,42600
536,새빗켐,107600
537,샘씨엔에스,252990
538,서남,294630
539,서린바이오,38070
540,서부T&D,6730
541,서산,79650
542,서암기계공업,100660
543,서연탑메탈,19770
544,서울리거,43710
545,서울바이오시스,92190
546,서울반도체,46890
547,서울옥션,63170
548,서울전자통신,27040
549,서울제약,18680
550,서원인텍,93920
551,서전기전,189860
552,서진시스템,178320
553,서진오토모티브,122690
554,서플러스글로벌,140070
555,서한,11370
556,서호전기,65710
557,서희건설,35890
558,석경에이티,357550
559,선광,3100
560,선익시스템,171090
561,선진뷰티사이언스,86710
562,성광벤드,14620
563,성도이엔지,37350
564,성우전자,81580
565,성우테크론,45300
566,성우하이텍,15750
567,성일하이텍,365340
568,성창오토텍,80470
569,성호전자,43260
570,세경하이테크,148150
571,세동,53060
572,세림B&G,340440
573,세명전기,17510
574,세보엠이씨,11560
575,세아메카닉스,396300
576,세운메디칼,100700
577,세원물산,24830
578,세종메디칼,258830
579,세종텔레콤,36630
580,세중,39310
581,세진티에스,67770
582,세코닉스,53450
583,세화피앤씨,252500
584,센코,347000
585,셀레믹스,331920
586,셀루메드,49180
587,셀리드,299660
588,셀리버리,268600
589,셀바스AI,108860
590,셀바스헬스케어,208370
591,셀트리온제약,68760
592,셀트리온헬스케어,91990
593,소니드,60230
594,소룩스,290690
595,소리바다,53110
596,소마젠,950200
597,소프트센,32680
598,소프트캠프,258790
599,손오공,66910
600,솔고바이오,43100
601,솔루에타,154040
602,솔본,35610
603,솔브레인,357780
604,솔브레인홀딩스,36830
605,솔트룩스,304100
606,쇼박스,86980
607,수산아이앤티,50960
608,수젠텍,253840
609,슈프리마,236200
610,슈프리마아이디,317770
611,슈프리마에이치큐,94840
612,슈피겐코리아,192440
613,스마트솔루션즈,136510
614,스맥,99440
615,스카이문스테크놀로지,33790
616,스카이이앤엠,131100
617,스코넥,276040
618,스킨앤스킨,159910
619,스타플렉스,115570
620,스톤브릿지벤처스,330730
621,스튜디오드래곤,253450
622,스튜디오산타클로스,204630
623,스페코,13810
624,승일,49830
625,시공테크,20710
626,시그네틱스,33170
627,시너지이노베이션,48870
628,시노펙스,25320
629,시스웍,269620
630,시큐브,131090
631,시티랩스,139050
632,신도기연,290520
633,신라섬유,1000
634,신라에스지,25870
635,신라젠,215600
636,신성델타테크,65350
637,신신제약,2800
638,신영스팩6호,344050
639,신영스팩7호,419270
640,신원종합개발,17000
641,신일제약,12790
642,신진에스엠,138070
643,신테카바이오,226330
644,신한제10호스팩,418210
645,신한제6호스팩,333050
646,신한제7호스팩,366330
647,신한제8호스팩,393360
648,신한제9호스팩,405640
649,신화인터텍,56700
650,신화콘텍,187270
651,신흥에스이씨,243840
652,실리콘투,257720
653,심텍,222800
654,심텍홀딩스,36710
655,싸이맥스,160980
656,싸이버원,356890
657,싸이토젠,217330
658,쌍용정보통신,10280
659,썸에이지,208640
660,쎄노텍,222420
661,쎄니트,37760
662,쎄트렉아이,99320
663,쎌바이오텍,49960
664,쏠리드,50890
665,씨씨에스,66790
666,씨아이에스,222080
667,씨앤씨인터내셔널,352480
668,씨앤지하이테크,264660
669,씨앤투스성진,352700
670,씨에스베어링,297090
671,씨엔알리서치,359090
672,씨엔플러스,115530
673,씨유메디칼,115480
674,씨유테크,376290
675,씨이랩,189330
676,씨젠,96530
677,씨케이에이치,900120
678,씨큐브,101240
679,씨티씨바이오,60590
680,씨티케이,260930
681,아가방컴퍼니,13990
682,아나패스,123860
683,아난티,25980
684,아리온,58220
685,아모그린텍,125210
686,아모센스,357580
687,아모텍,52710
688,아미노로직스,74430
689,아미코젠,92040
690,아바코,83930
691,아바텍,149950
692,아비코전자,36010
693,아세아텍,50860
694,아셈스,136410
695,아스타,246720
696,아스트,67390
697,아스플로,159010
698,아시아경제,127710
699,아시아종묘,154030
700,아우딘퓨쳐스,227610
701,아이디스,143160
702,아이디스홀딩스,54800
703,아이디피,332370
704,아이비김영,339950
705,아이센스,99190
706,아이스크림에듀,289010
707,아이쓰리시스템,214430
708,아이씨디,40910
709,아이씨에이치,368600
710,아이씨케이,68940
711,아이앤씨,52860
712,아이에스이커머스,69920
713,아이에이,38880
714,아이엘사이언스,307180
715,아이엠,101390
716,아이오케이,78860
717,아이원스,114810
718,아이윈,90150
719,아이윈플러스,123010
720,아이즈비전,31310
721,아이진,185490
722,아이컴포넌트,59100
723,아이퀘스트,262840
724,아이큐어,175250
725,아이크래프트,52460
726,아이텍,119830
727,아이톡시,52770
728,아이티센,124500
729,아이티아이즈,372800
730,아이티엠반도체,84850
731,아이패밀리에스씨,114840
732,아주IB투자,27360
733,아즈텍WB,32080
734,아진산업,13310
735,아진엑스텍,59120
736,아톤,158430
737,아프리카TV,67160
738,안국약품,1540
739,안랩,53800
740,안트로젠,65660
741,알로이스,297570
742,알리코제약,260660
743,알비더블유,361570
744,알서포트,131370
745,알에스오토메이션,140670
746,알에프세미,96610
747,알에프텍,61040
748,알엔투테크놀로지,148250
749,알체라,347860
750,알테오젠,196170
751,알톤스포츠,123750
752,알티캐스트,85810
753,알파홀딩스,117670
754,압타머사이언스,291650
755,압타바이오,293780
756,애니젠,196300
757,애니플러스,310200
758,애드바이오텍,179530
759,애머릿지,900100
760,액션스퀘어,205500
761,액토즈소프트,52790
762,액트로,290740
763,앤디포스,238090
764,앤씨앤,92600
765,앱코,129890
766,앱클론,174900
767,야스,255440
768,양지사,30960
769,어보브반도체,102120
770,어스앤에어로스페이스,263540
771,얼라인드,238120
772,에너토크,19990
773,에브리봇,270660
774,에스넷,38680
775,에스디생명공학,217480
776,에스디시스템,121890
777,에스맥,97780
778,에스씨디,42110
779,에스씨엠생명과학,298060
780,에스아이리소스,65420
781,에스앤더블류,103230
782,에스앤디,260970
783,에스앤에스텍,101490
784,에스에너지,95910
785,에스에스알,275630
786,에스에이엠티,31330
787,에스에이티,60540
788,에스에이티이엔지,351320
789,에스에프에이,56190
790,에스엔유,80000
791,에스엘바이오닉스,214310
792,에스엠,41510
793,에스엠코어,7820
794,에스와이,109610
795,에스제이그룹,306040
796,에스케이증권7호스팩,408920
797,에스코넥,96630
798,에스텍,69510
799,에스텍파마,41910
800,에스트래픽,234300
801,에스티아이,39440
802,에스티오,98660
803,에스티큐브,52020
804,에스티팜,237690
805,에스폴리텍,50760
806,에스퓨얼셀,288620
807,에스피시스템스,317830
808,에스피지,58610
809,에쎈테크,43340
810,에이디엠코리아,187660
811,에이디칩스,54630
812,에이디테크놀로지,200710
813,에이루트,96690
814,에이비엘바이오,298380
815,에이비온,203400
816,에이비프로바이오,195990
817,에이스침대,3800
818,에이스테크,88800
819,에이스토리,241840
820,에이에프더블류,312610
821,에이치시티,72990
822,에이치앤비디자인,227100
823,에이치엘사이언스,239610
824,에이치엠씨제4호스팩,353070
825,에이치엠씨제5호스팩,353060
826,에이치와이티씨,148930
827,에이치케이,44780
828,에이치피오,357230
829,에이테크솔루션,71670
830,에이텍,45660
831,에이텍티앤,224110
832,에이트원,230980
833,에이티넘인베스트,21080
834,에이티세미콘,89530
835,에이팩트,200470
836,에이프로,262260
837,에이프로젠 H&G,109960
838,에이프릴바이오,397030
839,에이피티씨,89970
840,에치에프알,230240
841,에코마케팅,230360
842,에코바이오,38870
843,에코캡,128540
844,에코프로,86520
845,에코프로비엠,247540
846,에코프로에이치엔,383310
847,에코플라스틱,38110
848,에프알텍,73540
849,에프앤가이드,64850
850,에프앤리퍼블릭,64090
851,에프에스티,36810
852,에프엔씨엔터,173940
853,에프엔에스테크,83500
854,엑사이엔씨,54940
855,엑세스바이오,950130
856,엑셈,205100
857,엑스큐어,70300
858,엑시콘,92870
859,엔바이오니아,317870
860,엔브이에이치코리아,67570
861,엔비티,236810
862,엔시스,333620
863,엔시트론,101400
864,엔에스,217820
865,엔에스엔,31860
866,엔에이치스팩20호,391060
867,엔에이치스팩22호,396770
868,엔에이치스팩23호,422040
869,엔에프씨,265740
870,엔젠바이오,354200
871,엔지스테크널러지,208860
872,엔지켐생명과학,183490
873,엔케이맥스,182400
874,엔켐,348370
875,엔텔스,69410
876,엔투텍,227950
877,엔피,291230
878,엔피디,198080
879,엔피케이,48830
880,엘디티,96870
881,엘비루셈,376190
882,엘비세미콘,61970
883,엘아이에스,138690
884,엘앤씨바이오,290650
885,엘앤에프,66970
886,엘앤케이바이오,156100
887,엘엠에스,73110
888,엘오티베큠,83310
889,엘컴텍,37950
890,엘티씨,170920
891,엠게임,58630
892,엠로,58970
893,엠벤처투자,19590
894,엠브레인,169330
895,엠아이텍,179290
896,엠에스씨,9780
897,엠에스오토텍,123040
898,엠에프엠코리아,323230
899,엠케이전자,33160
900,엠투아이,347890
901,엠투엔,33310
902,엠플러스,259630
903,엠피대산,65150
904,연우,115960
905,연이비앤티,90740
906,영림원소프트랩,60850
907,영신금속,7530
908,영우디에스피,143540
909,영창케미칼,112290
910,영풍정밀,36560
911,영화테크,265560
912,예림당,36000
913,예선테크,250930
914,예스24,53280
915,예스티,122640
916,오가닉티코스메틱,900300
917,오공,45060
918,오디텍,80520
919,오로라,39830
920,오로스테크놀로지,322310
921,오르비텍,46120
922,오리엔탈정공,14940
923,오리엔트정공,65500
924,오리콤,10470
925,오비고,352910
926,오상자이엘,53980
927,오성첨단소재,52420
928,오션브릿지,241790
929,오스코텍,39200
930,오스테오닉,226400
931,오스템,31510
932,오스템임플란트,48260
933,오이솔루션,138080
934,오킨스전자,80580
935,오텍,67170
936,오토앤,353590
937,오파스넷,173130
938,오픈베이스,49480
939,오하임아이엔티,309930
940,올리패스,244460
941,올릭스,226950
942,옴니시스템,57540
943,옵투스제약,131030
944,옵트론텍,82210
945,옵티시스,109080
946,옵티팜,153710
947,와이더플래닛,321820
948,와이솔,122990
949,와이아이케이,232140
950,와이어블,65530
951,와이엔텍,67900
952,와이엠씨,155650
953,와이엠텍,273640
954,와이엠티,251370
955,와이오엠,66430
956,와이제이엠게임즈,193250
957,와이즈버즈,273060
958,와이지-원,19210
959,와이지엔터테인먼트,122870
960,와이팜,332570
961,와토스코리아,79000
962,우리기술,32820
963,우리기술투자,41190
964,우리넷,115440
965,우리로,46970
966,우리바이오,82850
967,우리산업,215360
968,우리산업홀딩스,72470
969,우리손에프앤지,73560
970,우리엔터프라이즈,37400
971,우리이앤엘,153490
972,우림피티에스,101170
973,우수AMS,66590
974,우양,103840
975,우원개발,46940
976,우정바이오,215380
977,우주일렉트로,65680
978,우진비앤지,18620
979,원바이오젠,307280
980,원방테크,53080
981,원익,32940
982,원익IPS,240810
983,원익QnC,74600
984,원익머트리얼즈,104830
985,원익큐브,14190
986,원익피앤이,131390
987,원익홀딩스,30530
988,원일특강,12620
989,원준,382840
990,원텍,336570
991,원티드랩,376980
992,원풍,8370
993,원풍물산,8290
994,월덱스,101160
995,웨이버스,336060
996,웨이브일렉트로,95270
997,웰크론,65950
998,웰크론한텍,76080
999,웹스,196700
1000,웹젠,69080
1001,웹케시,53580
1002,위니아,71460
1003,위니아에이드,377460
1004,위닉스,44340
1005,위더스제약,330350
1006,위드텍,348350
1007,위메이드,112040
1008,위메이드맥스,101730
1009,위메이드플레이,123420
1010,위세아이텍,65370
1011,위즈코프,38620
1012,위지윅스튜디오,299900
1013,위지트,36090
1014,윈스,136540
1015,윈텍,320000
1016,윈팩,97800
1017,윈하이텍,192390
1018,윌링스,313760
1019,윙입푸드,900340
1020,유네코,64510
1021,유니셈,36200
1022,유니슨,18000
1023,유니온커뮤니티,203450
1024,유니크,11320
1025,유니테스트,86390
1026,유니테크노,241690
1027,유니트론텍,142210
1028,유라테크,48430
1029,유바이오로직스,206650
1030,유비벨록스,89850
1031,유비케어,32620
1032,유비쿼스,264450
1033,유비쿼스홀딩스,78070
1034,유성티엔에스,24800
1035,유신,54930
1036,유아이디,69330
1037,유아이엘,49520
1038,유안타제7호스팩,367460
1039,유안타제8호스팩,367480
1040,유안타제9호스팩,430700
1041,유에스티,263770
1042,유일로보틱스,388720
1043,유일에너테크,340930
1044,유진기업,23410
1045,유진로봇,56080
1046,유진스팩6호,373340
1047,유진스팩7호,388800
1048,유진스팩8호,413630
1049,유진테크,84370
1050,유테크,178780
1051,유티아이,179900
1052,유틸렉스,263050
1053,육일씨엔에쓰,191410
1054,율호,72770
1055,이건홀딩스,39020
1056,이글루,67920
1057,이글벳,44960
1058,이노뎁,303530
1059,이노메트리,302430
1060,이노시스,56090
1061,이노와이어리스,73490
1062,이노인스트루먼트,215790
1063,이노테라피,246960
1064,이녹스,88390
1065,이녹스첨단소재,272290
1066,이니텍,53350
1067,이라이콤,41520
1068,이랜시스,264850
1069,이랜텍,54210
1070,이루다,164060
1071,이루온,65440
1072,이미지스,115610
1073,이베스트스팩5호,349720
1074,이베스트투자증권,78020
1075,이브이첨단소재,131400
1076,이삭엔지니어링,351330
1077,이상네트웍스,80010
1078,이수앱지스,86890
1079,이스트소프트,47560
1080,이스트아시아홀딩스,900110
1081,이씨에스,67010
1082,이엔드디,101360
1083,이엔에프테크놀로지,102710
1084,이엔코퍼레이션,66980
1085,이엘피,63760
1086,이엠넷,123570
1087,이엠앤아이,83470
1088,이엠코리아,95190
1089,이엠텍,91120
1090,이오테크닉스,39030
1091,이오플로우,294090
1092,이원컴포텍,88290
1093,이즈미디어,181340
1094,이지바이오,353810
1095,이지케어텍,99750
1096,이지트로닉스,377330
1097,이지홀딩스,35810
1098,이큐셀,160600
1099,이크레더블,92130
1100,이트론,96040
1101,이퓨쳐,134060
1102,이화공영,1840
1103,이화전기,24810
1104,인바디,41830
1105,인바이오,352940
1106,인베니아,79950
1107,인산가,277410
1108,인선이엔티,60150
1109,인성정보,33230
1110,인지디스플레,37330
1111,인카금융서비스,211050
1112,인콘,83640
1113,인크로스,216050
1114,인탑스,49070
1115,인터로조,119610
1116,인터엠,17250
1117,인터플렉스,51370
1118,인텍플러스,64290
1119,인텔리안테크,189300
1120,인트로메딕,150840
1121,인트론바이오,48530
1122,인포마크,175140
1123,인포바인,115310
1124,인포뱅크,39290
1125,인피니트헬스케어,71200
1126,인화정공,101930
1127,일승,333430
1128,일신바이오,68330
1129,일야,58450
1130,일지테크,19540
1131,일진파워,94820
1132,잉글우드랩,950140
1133,잉크테크,49550
1134,자비스,254120
1135,자연과환경,43910
1136,자이글,234920
1137,자이언트스텝,289220
1138,장원테크,174880
1139,재영솔루텍,49630
1140,전진바이오팜,110020
1141,정다운,208140
1142,정상제이엘에스,40420
1143,정원엔시스,45510
1144,제너셈,217190
1145,제넥신,95700
1146,제넨바이오,72520
1147,제노레이,122310
1148,제노코,361390
1149,제노포커스,187420
1150,제놀루션,225220
1151,제닉,123330
1152,제로투세븐,159580
1153,제룡산업,147830
1154,제룡전기,33100
1155,제우스,79370
1156,제이브이엠,54950
1157,제이스코홀딩스,23440
1158,제이스텍,90470
1159,제이시스메디칼,287410
1160,제이씨케미칼,137950
1161,제이씨현시스템,33320
1162,제이앤티씨,204270
1163,제이에스티나,26040
1164,제이엔케이히터,126880
1165,제이엘케이,322510
1166,제이엠아이,33050
1167,제이엠티,94970
1168,제이웨이,58420
1169,제이티,89790
1170,제일바이오,52670
1171,제일전기공업,199820
1172,제일테크노스,38010
1173,제주맥주,276730
1174,제주반도체,80220
1175,제테마,216080
1176,젠큐릭스,229000
1177,젬백스,82270
1178,젬백스링크,64800
1179,조광ILI,44060
1180,조아제약,34940
1181,조이시티,67000
1182,좋은사람들,33340
1183,주성엔지니어링,36930
1184,줌인터넷,239340
1185,중앙디앤엠,51980
1186,중앙백신,72020
1187,중앙에너비스,440
1188,지나인제약,78650
1189,지노믹트리,228760
1190,지놈앤컴퍼니,314130
1191,지니너스,389030
1192,지니뮤직,43610
1193,지니언스,263860
1194,지니틱스,303030
1195,지더블유바이텍,36180
1196,지란지교시큐리티,208350
1197,지씨셀,144510
1198,지아이텍,382480
1199,지앤비에스엔지니어링,382800
1200,지어소프트,51160
1201,지에스이,53050
1202,지엔씨에너지,119850
1203,지엔원에너지,270520
1204,지엔코,65060
1205,지엘팜텍,204840
1206,지오엘리먼트,311320
1207,지투파워,388050
1208,지티지웰니스,219750
1209,진로발효,18120
1210,진매트릭스,109820
1211,진바이오텍,86060
1212,진성티이씨,36890
1213,진시스템,363250
1214,진양제약,7370
1215,차바이오텍,85660
1216,차백신연구소,261780
1217,참존글로벌,158310
1218,참좋은여행,94850
1219,창해에탄올,4650
1220,천보,278280
1221,청담글로벌,362320
1222,체리부로,66360
1223,초록뱀미디어,47820
1224,초록뱀컴퍼니,52300
1225,칩스앤미디어,94360
1226,카나리아바이오,16790
1227,카스,16920
1228,카이노스메드,284620
1229,카카오게임즈,293490
1230,카페24,42000
1231,캐리소프트,317530
1232,캐스텍코리아,71850
1233,캠시스,50110
1234,커머스마이너,223310
1235,컬러레이,900310
1236,컴투스,78340
1237,컴투스홀딩스,63080
1238,컴퍼니케이,307930
1239,케스피온,79190
1240,케어랩스,263700
1241,케어젠,214370
1242,케이디켐,221980
1243,케이비제20호스팩,342550
1244,케이비제21호스팩,424140
1245,케이사인,192250
1246,케이씨에스,115500
1247,케이씨티,89150
1248,케이씨피드,25880
1249,케이아이엔엑스,93320
1250,케이에스피,73010
1251,케이엔더블유,105330
1252,케이엔제이,272110
1253,케이엘넷,39420
1254,케이엠,83550
1255,케이엠더블유,32500
1256,케이엠제약,225430
1257,케이옥션,102370
1258,케이티알파,36030
1259,케이프,64820
1260,케이프이에스제4호,347140
1261,케이피에스,256940
1262,케이피에프,24880
1263,케이피엠테크,42040
1264,케이피티유,54410
1265,케일럼,258610
1266,켄코아에어로스페이스,274090
1267,켐온,217600
1268,켐트로닉스,89010
1269,켐트로스,220260
1270,코나아이,52400
1271,코난테크놀로지,402030
1272,코닉오토메이션,391710
1273,코다코,46070
1274,코데즈컴바인,47770
1275,코드네이처,78940
1276,코디,80530
1277,코디엠,224060
1278,코렌텍,104540
1279,코리아나,27050
1280,코리아센터,290510
1281,코리아에셋투자증권,190650
1282,코리아에스이,101670
1283,코리아에프티,123410
1284,코맥스,36690
1285,코메론,49430
1286,코미코,183300
1287,코미팜,41960
1288,코세스,89890
1289,코센,9730
1290,코스나인,82660
1291,코스맥스엔비티,222040
1292,코스메카코리아,241710
1293,코스온,69110
1294,코아스템,166480
1295,코아시아,45970
1296,코아시아옵틱스,196450
1297,코엔텍,29960
1298,코오롱생명과학,102940
1299,코오롱티슈진,950160
1300,코원플레이,56000
1301,코웰패션,33290
1302,코위버,56360
1303,코윈테크,282880
1304,코이즈,121850
1305,코콤,15710
1306,코텍,52330
1307,코퍼스코리아,322780
1308,코프라,126600
1309,콜마비앤에이치,200130
1310,쿠콘,294570
1311,퀀타매트릭스,317690
1312,큐라클,365270
1313,큐렉소,60280
1314,큐로컴,40350
1315,큐로홀딩스,51780
1316,큐리언트,115180
1317,큐브엔터,182360
1318,큐에스아이,66310
1319,큐캐피탈,16600
1320,크레버스,96240
1321,크로바하이텍,43590
1322,크루셜텍,114120
1323,크리스에프앤씨,110790
1324,크리스탈신소재,900250
1325,크리스탈지노믹스,83790
1326,크린앤사이언스,45520
1327,클라우드에어,36170
1328,클래시스,214150
1329,클리노믹스,352770
1330,클리오,237880
1331,키네마스터,139670
1332,키움제6호스팩,413600
1333,키이스트,54780
1334,타이거일렉,219130
1335,탑엔지니어링,65130
1336,탑코미디어,134580
1337,태광,23160
1338,태성,323280
1339,태양,53620
1340,태웅,44490
1341,태웅로직스,124560
1342,테고사이언스,191420
1343,테라사이언스,73640
1344,테라셈,182690
1345,테라젠이텍스,66700
1346,테스,95610
1347,테크윙,89030
1348,텔레칩스,54450
1349,텔레필드,91440
1350,텔콘RF제약,200230
1351,토박스코리아,215480
1352,토비스,51360
1353,토탈소프트,45340
1354,톱텍,108230
1355,투비소프트,79970
1356,툴젠,199800
1357,트루윈,105550
1358,트윔,290090
1359,특수건설,26150
1360,티라유텍,322180
1361,티로보틱스,117730
1362,티비씨,33830
1363,티사이언티픽,57680
1364,티씨케이,64760
1365,티앤알바이오팹,246710
1366,티앤엘,340570
1367,티에스넥스젠,43220
1368,티에스아이,277880
1369,티에스이,131290
1370,티엘비,356860
1371,티엘아이,62860
1372,티움바이오,321550
1373,티케이케미칼,104480
1374,티플랙스,81150
1375,티피씨글로벌,130740
1376,팅크웨어,84730
1377,파나진,46210
1378,파나케이아,58530
1379,파라다이스,34230
1380,파라텍,33540
1381,파루,43200
1382,파마리서치,214450
1383,파멥신,208340
1384,파버나인,177830
1385,파세코,37070
1386,파수,150900
1387,파워넷,37030
1388,파워로직스,47310
1389,파이버프로,368770
1390,파이오링크,170790
1391,파인디앤씨,49120
1392,파인디지털,38950
1393,파인테크닉스,106240
1394,파인텍,131760
1395,파커스,65690
1396,파크시스템스,140860
1397,파트론,91700
1398,판타지오,32800
1399,팜스빌,318010
1400,팜스토리,27710
1401,패션플랫폼,225590
1402,팬스타엔터프라이즈,54300
1403,팬엔터테인먼트,68050
1404,팬젠,222110
1405,펄어비스,263750
1406,펌텍코리아,251970
1407,펩트론,87010
1408,포메탈,119500
1409,포바이포,389140
1410,포스코 ICT,22100
1411,포스코엠텍,9520
1412,포시에스,189690
1413,포인트모바일,318020
1414,포인트엔지니어링,256630
1415,포커스에이치엔에스,331380
1416,폴라리스세원,234100
1417,폴라리스오피스,41020
1418,폴라리스우노,114630
1419,푸드나무,290720
1420,푸드웰,5670
1421,푸른기술,94940
1422,푸른저축은행,7330
1423,풍강,93380
1424,풍국주정,23900
1425,풍원정밀,371950
1426,퓨런티어,370090
1427,퓨쳐켐,220100
1428,프럼파스트,35200
1429,프레스티지바이오로직스,334970
1430,프로스테믹스,203690
1431,프로이천,321260
1432,프로텍,53610
1433,프롬바이오,377220
1434,프리시젼바이오,335810
1435,프리엠스,53160
1436,플래스크,41590
1437,플래티어,367000
1438,플랜티넷,75130
1439,플레이디,237820
1440,플레이위드,23770
1441,플리토,300080
1442,피델릭스,32580
1443,피씨디렉트,51380
1444,피씨엘,241820
1445,피앤씨테크,237750
1446,피에스엠씨,24850
1447,피에스케이,319660
1448,피에스케이홀딩스,31980
1449,피에스텍,2230
1450,피에이치씨,57880
1451,피에이치에이,43370
1452,피엔에이치테크,239890
1453,피엔케이피부임상연구센타,347740
1454,피엔티,137400
1455,피제이메탈,128660
1456,피제이전자,6140
1457,피코그램,376180
1458,피플바이오,304840
1459,피피아이,62970
1460,픽셀플러스,87600
1461,필옵틱스,161580
1462,핌스,347770
1463,핑거,163730
1464,하나금융14호스팩,332710
1465,하나금융15호스팩,341160
1466,하나금융16호스팩,343510
1467,하나금융19호스팩,388220
1468,하나금융20호스팩,400560
1469,하나금융21호스팩,406760
1470,하나금융22호스팩,418170
1471,하나기술,299030
1472,하나마이크론,67310
1473,하나머스트7호스팩,372290
1474,하나머티리얼즈,166090
1475,하림,136480
1476,하림지주,3380
1477,하이딥,365590
1478,하이로닉,149980
1479,하이록코리아,13030
1480,하이비젼시스템,126700
1481,하이소닉,106080
1482,하이제6호스팩,377400
1483,하이제7호스팩,400840
1484,하이즈항공,221840
1485,하이텍팜,106190
1486,하인크코리아,373200
1487,하츠,66130
1488,한국가구,4590
1489,한국경제TV,39340
1490,한국기업평가,34950
1491,한국맥널티,222980
1492,한국비엔씨,256840
1493,한국선재,25550
1494,한국알콜,17890
1495,한국유니온제약,80720
1496,한국전자금융,63570
1497,한국전자인증,41460
1498,한국정밀기계,101680
1499,한국정보공학,39740
1500,한국정보인증,53300
1501,한국정보통신,25770
1502,한국제10호스팩,409570
1503,한국캐피탈,23760
1504,한국컴퓨터,54040
1505,한국코퍼레이션,50540
1506,한국큐빅,21650
1507,한국테크놀로지,53590
1508,한국파마,32300
1509,한국팩키지,37230
1510,한글과컴퓨터,30520
1511,한네트,52600
1512,한독크린텍,256150
1513,한라IMS,92460
1514,한빛소프트,47080
1515,한솔인티큐브,70590
1516,한송네오텍,226440
1517,한스바이오메드,42520
1518,한양디지텍,78350
1519,한양이엔지,45100
1520,한일네트웍스,46110
1521,한일단조,24740
1522,한일사료,5860
1523,한일진공,123840
1524,한일화학,7770
1525,한창바이오텍,43090
1526,한창산업,79170
1527,한컴MDS,86960
1528,한컴위드,54920
1529,한탑,2680
1530,한화플러스제2호스팩,386580
1531,해성산업,34810
1532,해성옵틱스,76610
1533,해성티피씨,59270
1534,핸디소프트,220180
1535,헝셩그룹,900270
1536,헥토이노베이션,214180
1537,헥토파이낸셜,234340
1538,헬릭스미스,84990
1539,현대공업,170030
1540,현대무벡스,319400
1541,현대바이오,48410
1542,현대바이오랜드,52260
1543,현대에버다임,41440
1544,현대에이치티,39010
1545,현대이지웰,90850
1546,현우산업,92300
1547,협진,138360
1548,형지I&C,11080
1549,홈센타홀딩스,60560
1550,홈캐스트,64240
1551,화성밸브,39610
1552,화신정공,126640
1553,화일약품,61250
1554,효성오앤비,97870
1555,휴네시온,290270
1556,휴럼,353190
1557,휴림로봇,90710
1558,휴마시스,205470
1559,휴맥스,115160
1560,휴맥스홀딩스,28080
1561,휴먼엔,32860
1562,휴메딕스,200670
1563,휴비츠,65510
1564,휴센텍,215090
1565,휴엠앤씨,263920
1566,휴온스,243070
1567,휴온스글로벌,84110
1568,휴젤,145020
1569,흥구석유,24060
1570,흥국,10240
1571,흥국에프엔비,189980
1572,희림,37440
1573,힘스,238490